Aleksei Mihailovich Romanov,Mihail Fedorovich Romanov
Aleksei Petrovich Romanov,Petr I Alekseevich Romanov
Alexander III Alexandrovich Romanov,Alexander II Nikolaevich Romanov
Alexander II Nikolaevich Romanov,Nicholas I Pavlovich Romanov
Alexander I Pavlovich Romanov,Pavel I Petrovich Romanov
Anna Ivanovna Romanova,Ivan V Alekseevich Romanov
Anna Leopoldovna Meklenburg-Shverinskaya,Karl Leopold Meklenburg-Shverinskiy
Anna Petrovna Romanova,Petr I Alekseevich Romanov
Ekaterina Ivanovna Romanova,Ivan V Alekseevich Romanov
Elizaveta Petrovna Romanova,Petr I Alekseevich Romanov
Fedor Alekseevich Romanov,Aleksei Mihailovich Romanov
Ivan V Alekseevich Romanov,Aleksei Mihailovich Romanov
Ivan VI Antonovich Braunshveig-Volfenbuttelskiy,Anton Ulrich Braunshveig-Volfenbuttelskiy
Nicholas II Alexandrovich Romanov,Alexander III Alexandrovich Romanov
Nicholas I Pavlovich Romanov,Pavel I Petrovich Romanov
Pavel I Petrovich Romanov,Petr III Fedorovich Romanov
Petr I Alekseevich Romanov,Aleksei Mihailovich Romanov
Petr II Alekseevich Romanov,Aleksei Petrovich Romanov
Petr III Fedorovich Romanov,Karl Friedrich Golshtein-Gottorpskiy
Sofia Aleksevna Romanova,Aleksei Mihailovich Romanov
